id,text,date,isheader,noadvert,page,readingorder
9be4d9e8-7809-5b0b-a89a-a57dfc9bbcba/a0,Es wird zum Verkauf angetragen:,1804-04-19,1,0,127,0
9be4d9e8-7809-5b0b-a89a-a57dfc9bbcba/a1,"1. Zwey noch gute Freycompagnie-Uniformen für junge Leute, in No. 116. am Blumen- A. platz zu erfragen.",1804-04-19,0,0,127,1
9be4d9e8-7809-5b0b-a89a-a57dfc9bbcba/a2,2. Eine leichte ganz neue Steckenflinte um billigen Preis.,1804-04-19,0,0,127,2
9be4d9e8-7809-5b0b-a89a-a57dfc9bbcba/a3,"3. Felir Wahr beym Kaufhaus, N. 1635 hat frisch erhalten, eine Parthey schönen Mode- Cammelot in Facon Madras, breit und schmal gestreift, nebst einer Parthey im letzten Geschmack halbseiden Zeug, mit Versicherung guter Qualität und wohlfeilen Preisen sich jedermann recommendirt.",1804-04-19,0,0,127,3
9be4d9e8-7809-5b0b-a89a-a57dfc9bbcba/a4,4. In Lörach bey Herrn Gastgeber Fluri steht ein Reitpferd von bestem Alter und Wuchs zu verkaufen.,1804-04-19,0,0,127,4
9be4d9e8-7809-5b0b-a89a-a57dfc9bbcba/a5,"5. Eine sehr sauber gearbeitete doppelte Jagd- flinte noch ganz sien, eine einfache Jagd- flinte, ein leicht und sauber Commis-Ge- wehr, ein Carabiner alles um bill Preis.",1804-04-19,0,0,127,5
9be4d9e8-7809-5b0b-a89a-a57dfc9bbcba/a6,"6. Ein sehr artig gearbeitetes Kinder-Chäß- lein zu zwey Sitz, auf Schwanenhäls und in Federn hangend um den Preis von 12 Rthlr.",1804-04-19,0,0,127,6
9be4d9e8-7809-5b0b-a89a-a57dfc9bbcba/a7,"7. Zwey Schmidt-Ambos von ungleicher Größe und Gewicht, der einte mit einem Horn um billigen Preis.",1804-04-19,0,0,127,7
9be4d9e8-7809-5b0b-a89a-a57dfc9bbcba/a8,"8. Etliche Juchart Reben vor dem Riechen- thor in sehr gutem Stand, sammethaft oder zertheilt.",1804-04-19,0,0,127,8
9be4d9e8-7809-5b0b-a89a-a57dfc9bbcba/a9,"9. In No. 1267. zu St. Alban ist in Com- mission zu haben, extra gutes Cicory Caffe à 5 1/2 Batzen das tb, wann 15 oder mehreres zusammen genommen wird à 5 Btz. ferner eine kleine Parthey feine und ordinaire wollene Tücher in verschiedenen gustosen Far- ben worunter auch grünes zu Monterungen in sehr biligen Preisen, auch sind noch von den schönen und guten Nancier-Kerzen à 6 Batzen das Pfund, Centnerweis à 58 Rappen und gute trockene marmorirte Oehl- Seiffe à 5 Batzen Tafelnweis zu haben.",1804-04-19,0,0,127,9
9be4d9e8-7809-5b0b-a89a-a57dfc9bbcba/a10,"10. Im Berichthaus ist ein leicht und ange- nehmer holländischer Canastre-Taback in halb ßß Päcklein à 20 Batzen das Pfund zu haben, an Güte übertrift er einen 30 Batz werthigen.",1804-04-19,0,0,127,10
9be4d9e8-7809-5b0b-a89a-a57dfc9bbcba/a11,"11. Schönes wolgereinigtes Roßhaar; das Pfund à 9l bis 12 Batzen, wie auch extra feines Bäumöhl, Faßweis von circa 6 à 7 Centner, und 6 & 8 Säck Tauben-Mist.",1804-04-19,0,0,127,11
9be4d9e8-7809-5b0b-a89a-a57dfc9bbcba/a12,"12. Eine Parthey gelb Wachs, das Pfund à 22 Batzen in No. 260. wovon aber nicht weniger als 10 Pfund gegeben wird.",1804-04-19,0,0,127,12
9be4d9e8-7809-5b0b-a89a-a57dfc9bbcba/a13,13. Etliche 20. Pfund Garn um bill. Preis.,1804-04-19,0,0,127,13
9be4d9e8-7809-5b0b-a89a-a57dfc9bbcba/a14,14. Einige gute Gewehr und Säbel mit meßingenen Griffen und ein großer eichener Schweintrog,1804-04-19,0,0,127,14
9be4d9e8-7809-5b0b-a89a-a57dfc9bbcba/a15,15. In No. 1225. in der St. Albanvorstadt sind zwey einthürige tannene Kästlein um billigen Preis.,1804-04-19,0,0,127,15
9be4d9e8-7809-5b0b-a89a-a57dfc9bbcba/a16,"16. Im Berichthaus ist ein sauber Uhren- Gehäus, für eine Stockuhr, 4 Zoll franzö- sisch Maas im Durchschnitt in Commission zu haben.",1804-04-19,0,0,127,16
9be4d9e8-7809-5b0b-a89a-a57dfc9bbcba/a17,17. Gut verwährter Schweinbau im Kuttel- haus zu erfragen.,1804-04-19,0,0,127,17
9be4d9e8-7809-5b0b-a89a-a57dfc9bbcba/a18,"18. Bey Frau Wittib Huber aufm Fischmarkt ist ganz frisch ängelangt: aller Sorten Sommerzeug für Herren- und Frauenzim- mer-Kleidungen, als gestreifter, einfärbiger und flammirter Nanguinet, auch sehr schö- ner Nanguin, gestreifter siammirter und quadrillirter Gingham, von allen Farben quadrillirte Facon Madras, aller Sorten Siamoisen von verschiedener Breite zu Um- hängen und anderen Meubles, breiter, schmaler und geköpperter Bazin, englischer und ordinary Pique von schönen Dessin, eine neue große Parthey breiter und schmaler Camlot, von ganz neuerem Geschmack.",1804-04-19,0,0,127,18
9be4d9e8-7809-5b0b-a89a-a57dfc9bbcba/a19,"19. Jacobszwiebeln-Saamen, Storzenäri u. andere Sorten so sehr sauber erlesen, wie auch kleine Setzzwibeln um billigen Preis.",1804-04-19,0,0,127,19
9be4d9e8-7809-5b0b-a89a-a57dfc9bbcba/a20,"20. Etliche Säck Taubenmist, in No. 229. anzumelden.",1804-04-19,0,0,127,20
9be4d9e8-7809-5b0b-a89a-a57dfc9bbcba/a21,21. Eine wohlconditionirte zweyrädrige fran- zösische auf Ressorts hangende Postchaise mit Vache zu verkaufen in No. 553.,1804-04-19,0,0,127,21
9be4d9e8-7809-5b0b-a89a-a57dfc9bbcba/a22,"22. Eine schöne Officierflinte ganz neu von einem hiesigen Meister verfertiget, welche sehr dienlich für einen Unter-Officier wäre um billigen Preis, auf Verlangen auch eine soviel als neue Patrontasche samt Riemen.",1804-04-19,0,0,127,22
9be4d9e8-7809-5b0b-a89a-a57dfc9bbcba/a23,23. Im Brrichthaus ist in Commission eine ganz neue der schönsten Grenadier-Federn und eine roßhaarene um biligen Preis.,1804-04-19,0,0,127,23
9be4d9e8-7809-5b0b-a89a-a57dfc9bbcba/a24,"24. Frische Enten Eyer zum unterlegen, das Stück um ein Plappert.",1804-04-19,0,0,127,24
9be4d9e8-7809-5b0b-a89a-a57dfc9bbcba/a25,"25. Eine schöne Berline sehr dienlich in die Stadt und auf Reisen zu gebrauchen, in No. 416. auf dem Heuberg zu erfragen.",1804-04-19,0,0,127,25
9be4d9e8-7809-5b0b-a89a-a57dfc9bbcba/a26,"26. Bey Wittib Brunner, No. 866. und in des Herrn Wochers Garten im Sternen- gäßlein sind sehr schöne in Flor stehende Hhacinthen und Schlüsselblümlein, prime feres, wie auch Schneidantisie-Sdamen um sehr bill. Preis zu haben.",1804-04-19,0,0,127,26
9be4d9e8-7809-5b0b-a89a-a57dfc9bbcba/a27,"27. Eine ganz neue Armatur für Löbl. Stadt- Regiment, bestehend in einem schönen Ge- wehr mit Basonet, Sabel und Patrontasche mit breitem Kuppel nach der neusten Art verfertiget, und zwey grosse hohe gapz neue beschlüssige tanne Waaren-Kästen 2 und zthürig, aus Mangel Platzes.",1804-04-19,0,0,127,27
9be4d9e8-7809-5b0b-a89a-a57dfc9bbcba/a28,"28. Ein wohlconditionirtes zweysitziges Pult mit Leder überzogen, und ein Mantelsack um bill. Preis.",1804-04-19,0,0,127,28
9be4d9e8-7809-5b0b-a89a-a57dfc9bbcba/a29,"29. In No. 675 bey Geörg Weis, Bahnwarth ist zu haben; Fischglas mit Goldsischen auf einem Kesig mit einem Kanärie-Vogel, zwey beschlüssige Küchekasten, zwey 1 und zwey- à. schläfrige Madratzen, etliche Volet, gutes Bettwerk, gutes Roßhaar das tB à 8 Batz. ein glatter zweythüriger nußbaumener Klet- der-Kasten, eine Waag auf welcher man circa 20 Centner auf einer Seite wiegen kann, und sechs glatte nußbäumene Lehnen- stühl.",1804-04-19,0,0,127,29
9be4d9e8-7809-5b0b-a89a-a57dfc9bbcba/a30,"30. Bey Christoph Winkelblech zu St. Johann No. 102 sind folgende Bücher in Commißon zu haben: Recueil des régles sur la pro- sodie, la Versification, et le Stile figuré, de la langue francoise. 8. Paris an 6. Baz. 6. Le Babillard Tom. 1 et 2. 8. 6 Baz. Le  Nouveau Testament. 8. 3 Baz. Staats- kunst der Deutschen. 8. 2 Batz. Schupii Schriften. 8. 2 Batzen. Vorschmack des ewigen Lebens auf dem Sterbe-Bette. 8. 3 Btz. Foulquier Traité sur le commerce de Luric. 4. 4 Baz. Relatlons historiques par Charles Pattin, mit schönen Kupfern von Basel-Augst. 8. 15 Btz. Speccii praxis Declinationum et Conzugationum 8 2 Bz. Gottseelige Seelen-Uebung zur Niessung des Heiligen Abendmahls. 8. 2 Btz. Arndts Begriff vom wahren Christenthum 8. 3 Btz.  Cellarii Liber Memorialis. 8. 3 Bz. Der nach der seel. Ewigkeit reisende Christ. 8. 2 Batz. Wie ein Teutscher in 2 Monat französisch lesen, rehen und schreiben kann. 8. 2 Btz. Grammaticae graeca Pracepta. 8. 2 Baz. Corderii Colloquia Latino gallico, ltalico, Germanica. 8. 3 Baz. Cornelius Nepos. 8. 2 Biz Die sichere Schutzwehr des Christen in allen Gefahren. 8. 2- Btz. Der Liebes-Teufel, eine spannische Er- zehlung. 8. Basel 1780. 2 Batz. Betrach- tung über Sonn- Fest- und Feyertägliche lEvangelien. 8. 3 Btz. Entwurf des heil- reichen Pfeffers Bad. 8. 2 Batz. Seilers  Davidisches Fluchigebett. 8. 2 Btz. Voyaße du Pole arctique au Pols antarctique, par je gentre An Monde, abno E. F. 3 Rz. Klttners Briefe über Irrland. 8. 10 Btz.",1804-04-19,0,0,127,30
4db7e647-b952-58dd-9f74-4b1f3d9de928/a1,"31. In der Serißischen Buchhandlung neben 12 Btz. Extra guten Burgunder-Eßig zu der Post ist zu habens Dictionnaire de Poche allemand et francais et francais allemand, 2 vol. 2 fl. Grammaire de Meidinguer pour aprendre l'ailemand. 1 fl. Une ditte, aprendre le francais. 18e. Kdition. 56 kr. Auch ist wieder allda eine Parthie Bücher einzusehen, der Theil à 16 kr. und broch. der Th il à 12 kr.",1804-04-19,0,0,128,1
4db7e647-b952-58dd-9f74-4b1f3d9de928/a2,"32. In No. 942 in der Eschenvorstadt bey Sage Fasch ist extra feines Baumöhl zu 10 Batz. das tb, sollten aber 15 tB zu- geisterhebende Beschäftigungen des Herzens sammen genommen werden zu 9 1/2 Batzen das tb; auch ist wieder von der verlang.  fern und Sinnbildera gezieret. à 2fl. Der ten schönen weissen Seife à 5 1/2 Batz. das selbstlehrende Landschafts-Zeichner in 30 kr. t zu haben.",1804-04-19,0,0,128,2
4db7e647-b952-58dd-9f74-4b1f3d9de928/a3,33. Ein schönes Officier-Gewehr leicht und brauchbar wie das schwerste Commis-Gewehr nebst Sabel und Patrontasche.,1804-04-19,0,0,128,3
4db7e647-b952-58dd-9f74-4b1f3d9de928/a4,34. Ein eisernes Oefelein samt Rohr und zum kochen eingerichtet.,1804-04-19,0,0,128,4
4db7e647-b952-58dd-9f74-4b1f3d9de928/a5,"35. In No. 1069 sind unterschiedliche franzö- 12 Thl. à 3 fl. 20 kr. Burk, die Recht- sische Commisflinten samt Patrontasche, Sabel und Bandelier zu haben.",1804-04-19,0,0,128,5
4db7e647-b952-58dd-9f74-4b1f3d9de928/a6,36. Ein einthüriger tannener Kasten um bill. Preis.,1804-04-19,0,0,128,6
4db7e647-b952-58dd-9f74-4b1f3d9de928/a7,"37. Da bey Roschet bey St. Peter öfters nach Organtis und auch Halstücher von Organtis gefragt worden sind, so thut er hiermit be- Lannt machen, daß nicht nur in diesem Artikel sondern auch in anderen, er ein Sortiment erhalten hat, zum Beyspiel ganz grosse ostindische Sacktücher mit weissen, blauen, gelben, auch rothen Böden, bro- dirte und glatte Mousselines, feine, ord. und mittelfeine Indiennes, und besonders zu Bettdecken, deren neulich sind begehrt worden, alles in wohlfeilen Preisen.",1804-04-19,0,0,128,7
4db7e647-b952-58dd-9f74-4b1f3d9de928/a8,"38. Bey Miville am St. Johannschwybogen ist zu haben: reinschmeckender St. Dom. Caffé zu 15 1/ Batz. Prima Sorte Java und schönen Martinique Caffé zu 16 1/2 Btz. Extra guten Levantischen oder Mocca zu 18 Batz. Schönen engl. Melis zu 51/2 Batz. Holländer zu 9 Batz. Raffinade zu 101/2 Batz. alles Stockweis, Stückl. Zucker zu 8 1/2 Batzen. Brosamen oder Mehl zu 8 1 Batz. Candit von 9 à 11 Btz. nach Qualität. Mandlen in weichen Schaalen 10 Btz. bittere zu 9 Batz. füsse zu 71 Batz. Reis zu 24 Rappen. Roth und schwarz Siegellack zu verschiede- nen Preisen. Besten Chicoré-Caffé zu 6 Btz. Blaustein zum stärken an Platz der Schmal- ten, zu 3 1 Btz. Schmalten feinste englische zu 12 Batz. ord. zu 8 Batz. Salpeter zu 4 Batz. Magsaamen zu 3 Batz. Feinsten Metzer Puder zu 3 1/2 Batz. ord. zu 21/2 Batz. Spielkarten das Dutz zu 9 Batz. Zwilch  breit zu 44 Batz. pr. Baselelle. Packtuch 2 bres zu 10 kr. Lohrbohnen zu 3 Batz. Feigen zu 6 Btz. Feine Gersten zu 3 Btz. Burgunder-Wein zu 12 Btz. Diverse Sor- den Thee und Chocclade. Ammlung zu 3 Btz. und 24 Batz. Beste weisse Mars. Saiffe zu .88 kr. Tafelnweis. Biste rothmarbrierte Unschlicht-Saiffe à 6 Btz. Erbene Pfeiffen sehr wohlfeil. Feinstes Nicer-Baumöhl zu l10 Btz. ord. rothen zu 6 Batz. weissen hie- ländischen zu 4 Btz. Besten Fruchtbranten- wein zu 5 Rthlr. die Ohme, Trusen zu 14 Btz. Baumwollengarn zu 24 Btz. Gelbe Wachs- pour aprende l'italien. 1fl. Une ditte pour stöcke und Kirchekerzen zu 20 Btz. weisse dito und Tafellichter zu 24 Btz. Aller Sorten Schreib- und Packpapier; auch Schnupf. und Rauchtabak in äusserst biligen Preisen. Er empfiehlt sich EE. Publico wiederholt zu geneigtem Zuspruch.",1804-04-19,0,0,128,8
4db7e647-b952-58dd-9f74-4b1f3d9de928/a10,"39. Der gottseeligen Frau La Mothe Guyon mit Gott, 2 Bände mit vielen schönen Kup- Landschäftchen für die Jugend. à 1 fl. Erstes Wissen für Kinder, eine illuminirte A B C Tafel. à 10 kr. Sulzers Theorie der schö- nen Künste. 4 Thl. à 3 fl. Erhards ötono- mische Pflanzenhistorie nebst dem Kern der Landwirthschaft, Garten und Arzneykunst, fertigung und deren Versicherung im Herzen, nach dem Worte Gottes, 3 Thl. à 1 fl. 20 kr. Neue Beyträge zum Vergnügen des Ver- standes und Witzes, 5 Thl. à 2fl. Allerley aus dem Reiche des Verstandes u. Witzes, 2 Thl. à 48 kr. sind bey Christof Bolli, Buchbinder auf dem Markt zu haben.",1804-04-19,0,0,128,10
4db7e647-b952-58dd-9f74-4b1f3d9de928/a11,"40. Bey Johannes Huber Nro. 1602 im Lämmlein sind neu angelangt allerhand Waaren von neuester Facon, als Frauen. zimmer-Haarkämme, platirte und ohnpla- tirte, auch ordinaire enge und weite, Evan- tailles, Nécessaires, Geldtäschlein von Ma- roquin mit und ohne Medaillons, Flacons in Futteralen, Huthfutter-Ueberzüg von Wachstaffet, lederne Kappen gepreßte und ungepreßte, mit und ohne Seiden gefüt tert, Haarpuder, Rauch- und Schnupf- tabak sowohl offen als in Päcklein alles in billigsten Preisen, womit er sich bey E. E. Publikum zu geneigtem Zuspruch bestens empfiehlt.",1804-04-19,0,0,128,11
4db7e647-b952-58dd-9f74-4b1f3d9de928/a12,41. In Nro. 872 sind gute Unschlitt-Kuchen das Pfund um 1 Batzen zu haben.,1804-04-19,0,0,128,12
4db7e647-b952-58dd-9f74-4b1f3d9de928/a13,42. In Nro. 431 in kl. Basel ist eine fran- zösische Kommisflinte mit metallener Zünd- pfanne und ein Sabel zu haben.,1804-04-19,0,0,128,13
4db7e647-b952-58dd-9f74-4b1f3d9de928/a14,43. Eine leichte soviel als neue Chaise zu 4 à 6 Plätzen und für ein oder zwey Pferde eingerichtet mit eisernen Aren um billigen Preis.,1804-04-19,0,0,128,14
4db7e647-b952-58dd-9f74-4b1f3d9de928/a15,44. Eine Sammlung Gypsener Medaillons.,1804-04-19,0,0,128,15
4db7e647-b952-58dd-9f74-4b1f3d9de928/a16,45. Ein noch soviel als neues eisernes Glätt- öfelein.,1804-04-19,0,0,128,16
4db7e647-b952-58dd-9f74-4b1f3d9de928/a17,46. Im Berichthaus ist commissionsweise 1 &: Centnerweis extra gutes Mocca- undi Bourdon Caffé ersteres à 20 und letzteres à 15 Batzen in angezeigter Quantitat zu haben.,1804-04-19,0,0,128,17
4db7e647-b952-58dd-9f74-4b1f3d9de928/a18,47. Eine gute Pflasterpfanne am Spitalsprung um billigen Preis.,1804-04-19,0,0,128,18
4db7e647-b952-58dd-9f74-4b1f3d9de928/a19,"18. In Nro. 200 an der Rebgaß ist sehr schönes feines Tuch zu Herrenhemder, wie auch andere Sorten mehr in äusserst bil- ligen Preisen zu haben.",1804-04-19,0,0,128,19
4db7e647-b952-58dd-9f74-4b1f3d9de928/a21,"49. Ein gutes Gewehr, Sabel, Patronta- sche sammt Kuppel.",1804-04-19,0,0,128,21
4db7e647-b952-58dd-9f74-4b1f3d9de928/a22,"50. Bey Christoph Düring Büchsenmacher sind verschiedene Sorten Kommisflinten, sowohl französische als andere, französische Kugelzieher und Freykompagnie-Säbel um billigen Preis zu haben.",1804-04-19,0,0,128,22
4db7e647-b952-58dd-9f74-4b1f3d9de928/a23,51. Eine Weinleiter und Bräter beydes in gutem Stand und um billigen Preis in Nro. 64 hinter der Rümlings-Mühle.,1804-04-19,0,0,128,23
4db7e647-b952-58dd-9f74-4b1f3d9de928/a24,"52. Etliche Patrontaschen, schwarze Sabel- kuppel und auch 2 französische Kommis- flinten sind in Nro. 372 auf dem St. Leon- hards Graben um billigen Preis zu haben.",1804-04-19,0,0,128,24
4db7e647-b952-58dd-9f74-4b1f3d9de928/a25,"53. Extra feine Bazins, nebst Indiennes in neuen Mustern, auch schöne grüne Tücher zu Uniformen und blaue, die nicht abfär- ben, um sehr biligen Preis, bey J. J. Mieg Sohn, im Geldwechsel auf dem Baarfüsserplatz.",1804-04-19,0,0,128,25
4db7e647-b952-58dd-9f74-4b1f3d9de928/a26,54. Eine soviel als neue Frey-Compagnie Uni- form in No. 190. am Herberigberg.,1804-04-19,0,0,128,26
4db7e647-b952-58dd-9f74-4b1f3d9de928/a27,"55. Im Berichthaus sind eine große Parthey Evantaillen in Commission um billigen Preis, zu häben.",1804-04-19,0,0,128,27
4db7e647-b952-58dd-9f74-4b1f3d9de928/a28,"56. Allerseinst Nicer Baumöhl, in Fäßchen von 110 Pfund.",1804-04-19,0,0,128,28
4db7e647-b952-58dd-9f74-4b1f3d9de928/a29,"57. Jn No. 371. am Leonhardsgraben ist auch wieder extra schön und gut blau Schwaben Mues zum kochen und setzen, der Becher à 4 Batzen zu haben.",1804-04-19,0,0,128,29
4db7e647-b952-58dd-9f74-4b1f3d9de928/a30,58. Ein Paar Canarie-Vögel beyder Art.,1804-04-19,0,0,128,30
4db7e647-b952-58dd-9f74-4b1f3d9de928/a31,"59. Ein schönes folides Chäßlein oder sogenann- tes Panier, mit Thürlein, in 4 Polignac- Federn hangend, zu 4 Personen, ein- und zweyspännig.",1804-04-19,0,0,128,31
4db7e647-b952-58dd-9f74-4b1f3d9de928/a32,"60. Ein großer hoher zweythüriger tannener Kleiderkasten, mit schönem Beschläg.",1804-04-19,0,0,128,32
4db7e647-b952-58dd-9f74-4b1f3d9de928/a33,"61. 150 Buteillen Strohwein zu verkaufen, oder gegen neuen Wein zu vertauschen.",1804-04-19,0,0,128,33
4db7e647-b952-58dd-9f74-4b1f3d9de928/a34,"62. Eine Mangoldische Folio Bibel, mit schön illuminirten Kupfern.",1804-04-19,0,0,128,34
4db7e647-b952-58dd-9f74-4b1f3d9de928/a35,63. In No. 1608. bey der School ist eine große schöne 4 à 6 Plätzige Kutsche um bill. Preis zu haben.,1804-04-19,0,0,128,35
4db7e647-b952-58dd-9f74-4b1f3d9de928/a36,"64. Zwey Flinten, eine neu, und 2 Patron- taschen um billigen Preis.",1804-04-19,0,0,128,36
4db7e647-b952-58dd-9f74-4b1f3d9de928/a37,"65. Einige letzjährige Canarie-Vögel männlich und weiblicher Art, aus den ersten Bruten um billigen Preis.",1804-04-19,0,0,128,37
4db7e647-b952-58dd-9f74-4b1f3d9de928/a38,"66. Bey Jacob Wehrly, No. 683. im kleinen Gerbergäßlein ist wieder eine Parthey fade- ne Spitzen frisch angelangt mit neuen Desseins, breite und schmahle, wie man sie nur begehren kann und soviel als man will, auch Blunden und Schlesinger Faden alles um billigen Preis.",1804-04-19,0,0,128,38
4db7e647-b952-58dd-9f74-4b1f3d9de928/a39,"67. Ein Fauteuil zum herunterlassen. ein Mehlkästlein und 6 Stück geblümte neue Sessel-Küssen, 2 lange Wirths-Tisch und 4 Bänke in No. 679.",1804-04-19,0,0,128,39
4db7e647-b952-58dd-9f74-4b1f3d9de928/a40,"68. Eie schöne Grenadierkappe, eine saubere Commisflinte und zwey gute Grenadier- Sabel und ein schönes gelbes Canarie- Weiblein.",1804-04-19,0,0,128,40
2838d3fb-2f03-5203-b90b-77373c0662b9/a0,"69. Bey Ludwig Krug dem Tapezierer in der Spahlenvorstadt sind wieder von denen schon bekannten elastischen, wie auch ordinatri, von unterschiedlichen Gattungen, sowohl doppelte als einfache Bruchbänder zu haben, welche nicht nur von unterschiedenen hiesigen Chirurgi sondern auch von auswärtigen be- währt erkannt, ja selbsten Gebrauch davon gemacht haben, ferner setze ich alle schad- haften in vorigen Stand. Es ist mir auch allzu bekannt, daß manche Personen wegen dem kostbaren Anwand dieses Mittels des- selben entbehren und sich großer Schaden da- durch verursachen, als versprich ich für ge- ringe Leuthe, wie auch anderen, einen sehr geringen Preis zu machen, nur daß vielen damit gedient werde; es ist auch eine schöne Spannische Wand von ziemlicher Höhe bey ihme zu haben.",1804-04-19,0,0,129,0
2838d3fb-2f03-5203-b90b-77373c0662b9/a1,"70. Zwey Stück weis gebleicht Tuch 41 Viertel breit à 4 1/ Batzen die Elle, wovon aber nicht weniger als 20 Ellen gegeben wird, ist im Berichthaus in Commission zu haben.",1804-04-19,0,0,129,1
2838d3fb-2f03-5203-b90b-77373c0662b9/a2,"71. Eine Parthey soviel als neue Gartenkacheln, dienlich für Rosenstöck, Mangel an Platz.",1804-04-19,0,0,129,2
2838d3fb-2f03-5203-b90b-77373c0662b9/a3,"72. Bey Hrn Joseph Soein, jünger, auf der Eisengaß sind Papier-Tapeten von neu- stem Golt, wie auch geringern von allen Preisen zu haben.",1804-04-19,0,0,129,3
2838d3fb-2f03-5203-b90b-77373c0662b9/a4,"73. Extra schöne Kirschen, 10 fß à 18 Batz., Pfundweis à 2 Batzen, Zwetschgen um gleichen Preis, wie auch sehr schöne und gute Aepfel und Birren-Schnitz und eine Parthey neue große zwilchene Kornsäck für 16 und 18 Batzen das Stück, in No. 371. beym Brunnen am Leonhardsgraben.",1804-04-19,0,0,129,4
2838d3fb-2f03-5203-b90b-77373c0662b9/a5,"74. Bey den Schwestern Wegner an der Ger- bergaß sind wieder eine frische Parthey Damen- und Kinder-Hüthe, auch B'umen von Stroh, aller Sorten Evantaillen, auch kleine für Kinder von 2 bis 60 Batzen das Stück.",1804-04-19,0,0,129,5
2838d3fb-2f03-5203-b90b-77373c0662b9/a6,"75. In dem von Mecheischen Kunst- Verlag in der St. Johannvorstadt, No. 53. ist zu haben: eine deutsche Uebersetzung des fran- zösischen Réglement für die Infanterie von 1791, 2 Bände, 8. mit vielen Kupfertafeln, im Preiß von 2 Rthlr. Der erste Band, die biligen Preis. Soldaten- und Ploions Schule, mit 131 Kupfertafeln enthaltend, kostet 30 Bätzen, und der zweyte enthaltend die Bataillons- Schule und Linien-Evolntionen, mit 32 nußbaumen Tischlein, zwey Bettladen, eine Kupfertafeln, 50 Batzen. Da obiges Werk Multe nebst Stuhl. von der in Freyburg niedergesetzten Militair- den, so hoft man hiemit bey der gegenwär- treffenden E. Püblikum eine willkommene Anzeige zu machen.",1804-04-19,0,0,129,6
2838d3fb-2f03-5203-b90b-77373c0662b9/a7,"26. Ein 5 Schuh lang und 21/2 Schuh breit zenlaffen für eine Wäsch- oder Glätterin, erehlkasten, eine Flinte und Sabel, Schwn und Nachofen-Musicalisches Ge- sangblcth Hurchaus mit Noten ganz neu ge. bunden alles um billigen Preis.",1804-04-19,0,0,129,7
2838d3fb-2f03-5203-b90b-77373c0662b9/a8,"77. Ein gaß von 18 Saum in Eisen gebunden, St. Johann sind folgende gebundene Bu- eine Parthey alt Eisen, Dictionnaire ancien. ne & moderne de Pierre Richelet, 3 tom. in-fol. Le grand Dictionnaire historique par l Moreri, 6 tom. in fol. Gronomeia de Wel- peri, 2 tom. in-fol. Hofhaltung des Türki- schen Kaisers, 1 Thl. fol. Les voyages au tour du monde, par Anfn, 1 tom. in 4. alles um billigen Preis.",1804-04-19,0,0,129,8
2838d3fb-2f03-5203-b90b-77373c0662b9/a10,"178. In No. 544. im Imbergäßlein ist gute Geismilch, auch gute Oehl-Seiffe à 6 Batz. und graue à 5 1/2 Batzen zu haben.",1804-04-19,0,0,129,10
2838d3fb-2f03-5203-b90b-77373c0662b9/a11,"79. Bey Christoph Winkelblech, No. 102. zu St. Johann sind folgende Sachen in Com- mission zu haben: ein zierlicher original Atlas von ganz Italien, Sieilien, Sardi- nien, Corsica und Maltha um 1 Louisd'ors, ein dito von Nord-America, 1 Rthlr. vier schöne Kupferstich in vergoldten Rahmen und Glas um 1 Louisd'or, ein schöner Spiegel mit vergoldter Rahme, 6 Rthlr., ein schö- ner Secretair à cylindre à 50 tb, und eine gut gehende Wanduhr à 10 tB.",1804-04-19,0,0,129,11
2838d3fb-2f03-5203-b90b-77373c0662b9/a12,"30. In No. 241. in kl. Basel sind vier saubere zweythürige tannene Kleiderkasten mit runden Ecken wohl beschlagen, nußbaumene Secre- tairs und Comoden, tannene n nußbaumene Tisch-u. Bettladen, ein tannener beschlage- ner Mehlkasten, alles nach neuster Facon um billigen Preis zu haben.",1804-04-19,0,0,129,12
2838d3fb-2f03-5203-b90b-77373c0662b9/a13,"81. Emanuel Georg, jünger, auf der Eisen- . gaß hat wieder frischerdings erhalten, aller Sorten gestreifter Sommerzeug zu Herren- , und Frauenzimmer-Röck, Bett-Kölsch,  Leinentuch ganz und halb gebleicht, gefärbtes  flächsenes Tüch, grün wollen Tuch zu Mun- tirungen, nebst etwas melierter, geslammter,  einfärbiger Baumwolle zum stricken, auch ist wieder 6, 7 und 5 breit Packtuch à 7, 8 inn und9 kr die Elle zu haben, er empfiehlt sich auch mit seinen übrigen Waaren bestens und verspricht die biligsten Preise.",1804-04-19,0,0,129,13
2838d3fb-2f03-5203-b90b-77373c0662b9/a14,"82. Eine Hrube voll verwährter Pferdbau, in No. 389. in kl. Basel",1804-04-19,0,0,129,14
2838d3fb-2f03-5203-b90b-77373c0662b9/a15,83. Bey Hieronimus Schölly auf der Eisen- gaß sind noch aller Sorten Säbel wie auch ganz neue Patrontaschen zu haben,1804-04-19,0,0,129,15
2838d3fb-2f03-5203-b90b-77373c0662b9/a16,34. Ein Grabstein in der St. Alban Kirche um,1804-04-19,0,0,129,16
2838d3fb-2f03-5203-b90b-77373c0662b9/a17,85. In No. 1754. an der Schneidergaß ist eine recht schöne französische Flinte zu haben.,1804-04-19,0,0,129,17
2838d3fb-2f03-5203-b90b-77373c0662b9/a18,"86. Ein gemahlter vierthüriger Kasten, ein",1804-04-19,0,0,129,18
2838d3fb-2f03-5203-b90b-77373c0662b9/a19,"87. Ein nußbaumener Kasten mit 12 beschlüssi- Commission gutgeheissen und empfohlen wor- gen Schübladen, nebst zwey beschlüssigen Thürlein.",1804-04-19,0,0,129,19
2838d3fb-2f03-5203-b90b-77373c0662b9/a20,"tigen Orgänisirung des Militair, dem be-88. Wieder ein Paar extra gute gestrickte schwarz seidene Strümpfe, in No. 804. an der vorderen Steinen zu erfragen.",1804-04-19,0,0,129,20
2838d3fb-2f03-5203-b90b-77373c0662b9/a21,"89. Bey J. Holdenecker ist zu haben: Sol- lannenes Tischblatt, ein Blunder-Gestellmit daten- und Plotonsschule, mit Kupf. geb. 2 fl. Bataillonsschule und Linien.Evoln- snenyaum tröcknen, ein sauber beschlosse- tionen, mit Kupf. geb. 1 fl. 20 kr. Ei- du chaldéen par A. Barthes Marmorieres, 3 vol. 6 fl.",1804-04-19,0,0,129,21
2838d3fb-2f03-5203-b90b-77373c0662b9/a22,"90. Bey Christoph Winkelblech Nro. 102 zu cher in Kommission zu haben. Begeben- heiten der Jahre 1727 bis und mit 1737. 2 Bände in 40. mit schönen Portraits. Btz. 20. Die Geschichten vom Jahr 1733 bis 1781. 6. Bände in 40. mit vieien Fig. Btz. 24. Die Geschichten von 1756 bis und mit 1761 in Gesprächen im Reich der Todten 5 Bände in 40. mit vielen Charten und Kupf. Btz. 20. Der Ban- queroutier, ein Gespräch. 40. Btz. 2. Descrittione della eversione di Piuro. 8o. Btz. 2. Bernhard Brand Vogt zu Hom- burg allgemeine Weltgeschichte. 3 Theile. Der dritte von der Schweiz und Basel mit schönen Holzschnitten. 8o. 1 Band. Btz. 30. Mosheims moralische Schriften. 1. Thl. 80. Btz. 4. Eutropii Breviarium Romana historiz. 8o. Btz. 3. - Weissagungen des Propheten Jonä zur Besserung. 8o. Btz. 2 Wetotenii de Ling. graec. pro- nunciatione. go. Btz. 3. Werdmüllers Kriegsübungen. 2 Thle. in 1 Band, mit Kupf. und Plänen. zo Btz. 12. Alfred König der Angelsachsen, von Haller. ge- Btz. 3. Der accurate Briefsteller, nebst Scherzschreiben. go Btz. 2. Myec, Sammlung von 100 Kaufmanns- und au- dern Briefen. go Btz. 2. Hilmar Cu- ras französ. Grammatik. 80. Btz. 3. In- troduction à la langue francoise par Ferari. 8o. Btz. 2. Zwingers sicherer und ge- schwinder Arzt. go Btz. 12. Herrn von Lohenstein Theaterstücke nebst seinem Lebenslauf. 8o. Btz. 2. - Traité con- tre l'impureté par Osterwald. 8o. Btz. 3. Lebensbeschreibung des Grafen von Bou- nevall. 8o. Btz. 2. Langio de Latini Se monis Elegantis. 8o Btz. 2. - Dre- lincourt Trost wider die Schrecken des Todes. 80. Btz 3. Der Deutschen scharf- sinnige klüge Sprüche. 5 Thle. in 1 Band. 80. Btz. 4.",1804-04-19,0,0,129,22
2838d3fb-2f03-5203-b90b-77373c0662b9/a24,"91. Verkauf des Löwenwirthshauses zu Zell im Wiesenthal. Am 2eten Aprill d. J. wird das den Erben des verstorbenen Peter Rib zugehörige Wirthshaus zum Löwen- dahier, samt Scheuer, Stallungen, Gras- und Gemüsganten, Gartenhaus, mit allen Haus- und Wirthsgeräthschaften öffehtlich versteigert werden. Die Lage des hauses, die geräumigen Plätze vor und hinter dem- selben, die bequemen Orkonomiegebände und Gärten qnalißizieren selbes zu einem der bessern Wirthshäuser dieser Gegend. Die -Kaufbedingnisse können in der diessei- tigen Amtskanzley eingesehen werden, nur wirn vorläufig erinnert, daß zwar von dem Käufer keine Baarschaft, wohl ober hin- längliche Sicherheit für den terminweise zu bejahlenden Kaufschilling verlangt werde. Zell im Wiesenthal den 24ten Febr. 404. Frehherrl. von Schönauisches Amt Villinger.",1804-04-19,0,0,129,24
2838d3fb-2f03-5203-b90b-77373c0662b9/a25,"nathan, ou les ages de l'homme traduit 92. Bey J. J. Würt ist zu haben: Stein- köpfs (. C. F. A., Pastors in Landon) Einige Fest- Sonntags- und Gelegenheits- Predigten. 8 1804. Schrbpr. 1 fl. Drkpr. 48 kr. Handhuch der Eedbeschreihung ven Enropa insbesondere von Deutschland. Für den öffentl. u. Privatgebrauch. 8. 8o4. 2 fl. beogr. statistisches Handbuch von Deutsch- land. Nach dem Lüneviller Friedenstrak- tat ꝛc. 8. 8o4. 1 fl. 15 kr. Alle Käufer von diesen beyden Handbüchern erhalten die Veränderungen, die sich binnen Jahr und Tag ergeben, nebst den etwa nöthigen Be- richtigungen und Zusätzen, so wie die Fort. setzung der neuesten Litteratur, in einem Nachträge vom Verleger gratis.",1804-04-19,0,0,129,25
6302d19f-d261-5bc0-a922-4f5e8481acf3/a1,"91. In No. 18. zu St. Johann ist schönes Wiesensand, Wagen und Züberweis um bill. Preis zu haben.",1804-04-19,0,0,130,1
6302d19f-d261-5bc0-a922-4f5e8481acf3/a2,"94. Ein paar Wägen guter Schaaf- wie auch eine Grube voll guter Schweinbau bey Caspar Henz, Beck oder in No. 351. bey haben.",1804-04-19,0,0,130,2
6302d19f-d261-5bc0-a922-4f5e8481acf3/a3,"95. 250. Stück neue Dach Latten, 1200 Stück 112 In No. 288. an der Spahlenvorstadt bachene Stein, säammethaft oder nach Be- lieben zu haben.",1804-04-19,0,0,130,3
6302d19f-d261-5bc0-a922-4f5e8481acf3/a4,96. In No. 18 zu St. Johann ist ein neues Bernerwägelein mit zwey Sitz zu haben.,1804-04-19,0,0,130,4
6302d19f-d261-5bc0-a922-4f5e8481acf3/a5,"97. Ein noch soviel als neuer sehr schöner Säbel samt Pantalier, auch eine fast neue Flinte und Patrontasche, und ein leichtes Kinder-Chäßlein ist in No. 835 auf dem Noßmarkt zu haben.",1804-04-19,0,0,130,5
6302d19f-d261-5bc0-a922-4f5e8481acf3/a6,"93. Drey Manuseript wohl eingebunden, 1) Baßler Notariats-Cours, 2) vom Nota- riat insgemein, 3) kurzer Begriff der Stadt Basel und Lands-Vogts-Ordnung.",1804-04-19,0,0,130,6
6302d19f-d261-5bc0-a922-4f5e8481acf3/a7,"99. Extra schönes langes, wohlgereinigtes und sehr gutes Roßhaar, das Pfund à 10 bis 18 Batzen.",1804-04-19,0,0,130,7
6302d19f-d261-5bc0-a922-4f5e8481acf3/a8,"100. Einen von den größten und schönsten Art jähriger Doggenhund, welcher dienlich für einen Hoof oder sehr gut auf Reisen zu ge- brauchen um billigen Preis.",1804-04-19,0,0,130,8
6302d19f-d261-5bc0-a922-4f5e8481acf3/a9,"101 Eine soviel als neue complete Zwirnmühle, dienlich für Seide, Floretseide, Crönlein- faden, Türkengarn, Baumwolle, ist sich im Baad auf dem Baarfüsserplatz anzumelden.",1804-04-19,0,0,130,9
6302d19f-d261-5bc0-a922-4f5e8481acf3/a10,"102. Ein leichtes einspänniges Chäßlein auf guten Federn, aufs beste verfertiget, in No. 344. an der Spahlen.",1804-04-19,0,0,130,10
6302d19f-d261-5bc0-a922-4f5e8481acf3/a11,"103. Eine voilene Laidmantille, eine Brod- bahre und ein Wasserbögtlein so gut als neu, in No. 1082. am Bäumlein.",1804-04-19,0,0,130,11
6302d19f-d261-5bc0-a922-4f5e8481acf3/a12,"104. Etliche Dutzend ganz neue schöne Weiber- hemder, wünschte man zu verkaufen oder gegen schöne neue Mannenhemder zu ver- tauschen.",1804-04-19,0,0,130,12
6302d19f-d261-5bc0-a922-4f5e8481acf3/a13,"305. Extra gute Geismilch, auch schön Roggen stroh für in Better nebst einer schönen neuen tannenen Bettlade, ist sich in No. 636. im Gerbergäßlein anzumelden.",1804-04-19,0,0,130,13
6302d19f-d261-5bc0-a922-4f5e8481acf3/a14,106. Extra schöne junge schwarze Pudelhünd in No. 393. in kl. Basel.,1804-04-19,0,0,130,14
6302d19f-d261-5bc0-a922-4f5e8481acf3/a15,107. Eine Grenadierkappe u. Sabel um bill. Prs.,1804-04-19,0,0,130,15
6302d19f-d261-5bc0-a922-4f5e8481acf3/a16,"108. Ein einthüriger tannener Kleiderkasten, ein dito Küchekasten mit 2 Thürlein, eine neue zweyschläffrige Bettladen, alles schön angestrichen mit guter Oehlfarb, ferner eine gute ordinaire zweyschläffrige Bettladen, 4 Stück starke Sessel, ein Tisch samt einem Aufschlagtischlein, 2 wohlbeschlossener Reis- Koffer, ein Kinderbettlein zum vergrößern, ein neuer Nachtstuhl, alles um billigen Preis, in No. 255. im Rumpel 2 Stegen hoch in kl. Basel zu sehen, und zu haben ist",1804-04-19,0,0,130,16
6302d19f-d261-5bc0-a922-4f5e8481acf3/a18,"109. Trumeaux glaces in französischem Zoll- maas von unterschiedlichen Größen, als hoch 644 breit 19 4 - 6L   20 F er 5J - 22 4 w- 5 4- -- 15- - 53 % 21à 514 - 20 4 bey Friedrich Holzach Glaser an der Freyen- strasse zu haben.",1804-04-19,0,0,130,18
6302d19f-d261-5bc0-a922-4f5e8481acf3/a19,"110. Eine Parthey groß und kleine Packfaß, ein grün angestrichen Kinder-Wägelein und ein großer Fauteuil.",1804-04-19,0,0,130,19
6302d19f-d261-5bc0-a922-4f5e8481acf3/a20,Frau Wittib Henz an der Spahlen zu 111. Ohngefähr 2 Jucharten des besten Reb- landes vor dem Spahlenthor.,1804-04-19,0,0,130,20
6302d19f-d261-5bc0-a922-4f5e8481acf3/a21,"können diesenigen neu angehenden E. Mit- glieder E. E. Chasseur-Corps vernehmen, wo sie Equipage, Pistolen, Säbel, Patron- taschen und Casquen haben können, auch sind noch 2 rothe Federn für Grenadier und ein Pfälzer Officier-Sabel um billigen Preis zu haben.",1804-04-19,0,0,130,21
6302d19f-d261-5bc0-a922-4f5e8481acf3/a22,113. Ein gutes Stücklein Land im Stadtgraben zwischen dem Spahlen- und Steinenthor um einen billigen Abtrag.,1804-04-19,0,0,130,22
6302d19f-d261-5bc0-a922-4f5e8481acf3/a23,"114. Eine extra schöne Montur, Rock, schöne Casimir-Hosen und Chile und Huth um bill. Preis, in No. 43. in kl. Basel zu sehen und zu erfragen.",1804-04-19,0,0,130,23
6302d19f-d261-5bc0-a922-4f5e8481acf3/a24,"115. Eine complete saubere Uniform Lobl. Frey- Compagnie, soviel als neu , für eine schlanke Person.",1804-04-19,0,0,130,24
6302d19f-d261-5bc0-a922-4f5e8481acf3/a25,Hingegen wird zu kaufen begehrt.,1804-04-19,1,0,130,25
6302d19f-d261-5bc0-a922-4f5e8481acf3/a26,"1. Ein Bassin zu einem Springbrunnen von guten rund oder oval Steinen 7 à 8 Schuh- breit im Durchmesser, und einem ganzen Stein, wo möglich, leidet aber keinen Verzug.",1804-04-19,0,0,130,26
6302d19f-d261-5bc0-a922-4f5e8481acf3/a27,"2. Eine soviel als neue Seiden-Waag mit hölzernen Schaalen, worauf mehrere Cent- ner können gewogen werden, samt eisernen Gewecht.",1804-04-19,0,0,130,27
6302d19f-d261-5bc0-a922-4f5e8481acf3/a28,"3. Wer ein noch brauchbares Ruhebettlein zu verkaufen hat, beliebe es auf E. E. Zunft zu Webern anzuzeigen.",1804-04-19,0,0,130,28
6302d19f-d261-5bc0-a922-4f5e8481acf3/a29,4. Eine kleine gut beschlüssige eiserne Geld- Casse.,1804-04-19,0,0,130,29
6302d19f-d261-5bc0-a922-4f5e8481acf3/a30,"5. Ein kleines eisernes Oefelein, ohne Hals, um im Zimmer einzuheitzen.",1804-04-19,0,0,130,30
6302d19f-d261-5bc0-a922-4f5e8481acf3/a31,"6. 8 Spiegel ohne Rahmen, 10 Zoll auf 125 Zoll französisch Maas.",1804-04-19,0,0,130,31
6302d19f-d261-5bc0-a922-4f5e8481acf3/a32,"7. Ein noch wohl conditionirter Papaqueyen- Kefig, leidet nicht langen Verzug.",1804-04-19,0,0,130,32
6302d19f-d261-5bc0-a922-4f5e8481acf3/a33,8. Ein noch gutes Clavicordium.,1804-04-19,0,0,130,33
6302d19f-d261-5bc0-a922-4f5e8481acf3/a34,"9. On demande à acheter une épée à poignée à la Suédoise d'orée, s'informer au No. 279. au fausse porte St. Paul.",1804-04-19,0,0,130,34
6302d19f-d261-5bc0-a922-4f5e8481acf3/a35,10. Eine Parthey Selteserwasser-Krüge.,1804-04-19,0,0,130,35
6302d19f-d261-5bc0-a922-4f5e8481acf3/a36,11. Einen soviel als neuer Grenadier-Sabel Patrontaschen samt Kuppel.,1804-04-19,0,0,130,36
6302d19f-d261-5bc0-a922-4f5e8481acf3/a37,"412. Wenn jemand den Cours de phisique expé- perimentale, par labbé Nollet zu verkaufen hat, beliebe es nebst Preis ins Berichthaus zu senden.",1804-04-19,0,0,130,37
6302d19f-d261-5bc0-a922-4f5e8481acf3/a39,"13. Wer französische Commieflinten mit meßin- genen Zündpfannen zu verkaufen hat, kann sie in No. 615. bringen.",1804-04-19,0,0,130,39
6302d19f-d261-5bc0-a922-4f5e8481acf3/a40,"14. Eine gegossene eiserne Platte, ohngefehr drey Schuh ins gevierte, müßte aber nicht allzu dick seyn.",1804-04-19,0,0,130,40
6302d19f-d261-5bc0-a922-4f5e8481acf3/a41,15. Ein guten Anhau und ein Aeschen-Sieb mit gutem Drath geflochten.,1804-04-19,0,0,130,41
6302d19f-d261-5bc0-a922-4f5e8481acf3/a42,16. Einen noch in gutem Stand befindlichen Frey-Compagnie Säbel um billigen Preis.,1804-04-19,0,0,130,42
6302d19f-d261-5bc0-a922-4f5e8481acf3/a43,Es wird zum Ausleihen offerirt:,1804-04-19,1,0,130,43
6302d19f-d261-5bc0-a922-4f5e8481acf3/a44,1. Une maison avec ou sans meubles à louer au mois ou à l'année.,1804-04-19,0,0,130,44
6302d19f-d261-5bc0-a922-4f5e8481acf3/a45,"2. Eine Behausung mit oder ohne Meublen, stehet Monat- oder Jahrweis zu verlehnen-",1804-04-19,0,0,130,45
6302d19f-d261-5bc0-a922-4f5e8481acf3/a46,"3. In Lausen ist den Sommer hindurch ein ganzes neu erbautes Haus nebst Krautgarten auf Begehren noch Land dazu zu verlehnen an eine Herrschaft, sie enthält 2 Wohn- stuben, 2 Schlafzimmer mit Ofen, 2 Kammern, 2 Küchen und was der Augen- schein noch zeigen wird.",1804-04-19,0,0,130,46
6302d19f-d261-5bc0-a922-4f5e8481acf3/a47,"4. An der Steinen No. 789. ist ein Losament von Stube, Küche, Estrig, Sommerhaus, Keller, Bauchhaus nebst Stallung, auf Pfingstfronfasten zu beziehen.",1804-04-19,0,0,130,47
6302d19f-d261-5bc0-a922-4f5e8481acf3/a48,"5. Ein der besten Mannensitz in der St. Peters Kirche, in No. 1626. zu erfragen-",1804-04-19,0,0,130,48
6302d19f-d261-5bc0-a922-4f5e8481acf3/a49,"6. Ein sauber Losament von Stube und Nebenkammer nebst noch zwey Kammern, alles auf einem Boden, an ehrbare und stille Leute ohne Kinder, gleich oder auf künftige Fronfasten zu beziehen.",1804-04-19,0,0,130,49
6302d19f-d261-5bc0-a922-4f5e8481acf3/a50,7. Nahe bey der Rheinbruck in kl. Basel ist ein Losament ebenes Fusses oder eins eine Stege hoch auf Heil. Pfingstfronfasten zu verleihen.,1804-04-19,0,0,130,50
6302d19f-d261-5bc0-a922-4f5e8481acf3/a51,"8. Zwey saubere Losamenter an der Grem- pergaß mit 2 Küche, 2 Kammern, Platz im Keller an ehrbare Leute gleich oder auf Pfingstfronfasten zu beziehen.",1804-04-19,0,0,130,51
6302d19f-d261-5bc0-a922-4f5e8481acf3/a52,9. In klein Hüningen ist über den Sommer hindurch ein angenehmes Losament an eine Herrschaft aus der Stadt zu verleihen.,1804-04-19,0,0,130,52
6302d19f-d261-5bc0-a922-4f5e8481acf3/a53,10. Eine Weibsperson wohnhaft in der Eschen- vorstadt wünscht auf Pfingstfronfasten eine dito in ihr Losament zu nehmen.,1804-04-19,0,0,130,53
6302d19f-d261-5bc0-a922-4f5e8481acf3/a54,"11. Zwey schöne heitere Losamenter zwey Ste- gen hoch, samt Kammer, Küche und Platz zum Holz, auf Pfingstfronfasten zu beziehen, in No. 82 zu St. Johann.",1804-04-19,0,0,130,54
6302d19f-d261-5bc0-a922-4f5e8481acf3/a55,"12. In No. 69 zu St. Johann ist ein schön wohlausmeublirt Zimmer mit einem saube- ren Bett, samt schöner Aussicht gegen hie Strasse und Rhein, mit oder ohne Kost",1804-04-19,0,0,130,55
6302d19f-d261-5bc0-a922-4f5e8481acf3/a56,"13. Zwey Losamenter in No. 507 eins zuer Stege hoch auf die Strasse sehend  kaner gleich oder auf Pfingsten bezogen werdnnn das andere in einem Hinterhaus bestehente und mit einer Thüre ganz besch uneg auf Pflagsten an rechtschaffene unnd bekannte Leute zu verleihen, beyde sind seun heiter und mit ablauffenden Wassersteinen ver- sehen.",1804-04-19,0,0,130,56
0179ce77-cd42-566b-88d3-8e83537b7358/a0,"14. Nahe beym Rlechenthor ist ein schön hei- ter Losament von Stube, Küche, Estrig Platz im Keller, an ehrbäre stille Leute ohne Kinder, gleich oder auf Pfingstfronfasten zu beziehen.",1804-04-19,0,0,131,0
0179ce77-cd42-566b-88d3-8e83537b7358/a1,15. In No. 942 in der Eschenvorstadt ist eine meublirte Stube zu verleihen.,1804-04-19,0,0,131,1
0179ce77-cd42-566b-88d3-8e83537b7358/a2,"16. No. 1423 an der oberen Freyenstrasse ist ein schön heiter Losament mit 2 Stuben und Nebenkammer und noch eine Kammer, Küche mit ablauffenden Wasserstein, Estrig, Brunnen im Haus und was der Augenschein weiter zeigen wird auf H. Pfingsten zu be- ziehen.",1804-04-19,0,0,131,2
0179ce77-cd42-566b-88d3-8e83537b7358/a3,"17. An der Rheingaß No. 67 ist ein schön Lo- sament eine Stege hoch von Stube, Kam- mer-Sommerhaus, ablauffenden Wasserstein alles auf einem Boden, gegen die Gaß, auf H. Pfingsten zu beziehen: oder in Ermang lung Hausleute, meublirte Zimmer.",1804-04-19,0,0,131,3
0179ce77-cd42-566b-88d3-8e83537b7358/a4,"18. Ein artiges Losament im St. Alban Quar- tier von Stube und Nebenkammer, Ge- sindskämmerlein, noch eine Kammer, Küche, eigenem Privat und was der Augenschein zeigen wird, alles nahe beysammen, für eine einzelne Person mit Domestique oder stille Leute ohne Kinder.",1804-04-19,0,0,131,4
0179ce77-cd42-566b-88d3-8e83537b7358/a5,19. Im Panthier sind zwey Magazine und eine Schreibstube insgesammt oder zertheilt zu verleihen.,1804-04-19,0,0,131,5
0179ce77-cd42-566b-88d3-8e83537b7358/a6,20. In No. 202 an der Rebgaß ist ein Losa ment ebenes Fusses für 1 oder 2 Personen gleich oder auf Pfingsten zu beziehen.,1804-04-19,0,0,131,6
0179ce77-cd42-566b-88d3-8e83537b7358/a7,"21. In Liechstall wird ein neugebautes Haus an der Hauptstrasse zum ausleihen offerirt, mit einem gut eingerichteten Spezerey-Laden mit schönem guten Debit. Das Haus stehet an der schönsten Lage, ist 4 Stock hoch, auf dem 1ten, 2ten und 3ten Boden ist eine Stube , Kämmerlein, Sommerhaus und Küche, auf dem 4ten Stock, drey gegypste einschläfrige Zimmer, ferner zwey große Estrig mit einem Zug und auf dem zweyten Estrig noch eine Bühne, auf den 1ten und 2ten Stock ein Privat; ferner Stallung samt Heubühne für zwey Pferd, und eine große und wohlgelegene Baugrube, am Gibel des Hauses einen Holzschopf und ein Schwein- stall, im Haus ein schöner und guter ge- wölbter Keller. Der Eigenthümer dieses Hauses ist Willens mit einem billigen Zins vorlieb zu nehmen, so es ihm säuberlich unterhalten wird, auch offerirt er die ganze Einrichtung des Spezier-Ladens darinn zu lassen um solches nutzen zu können. Ferner behaltet sich der Eigenthumer vor, eine Stube und Kämmerlein auf dem zweyten Boden, und auf dem 3ten Stock 2 gegypste Zimmerlein, nebst ein wenig Platz auf dem Estrig und im Keller.",1804-04-19,0,0,131,7
0179ce77-cd42-566b-88d3-8e83537b7358/a8,"12. Ein nosament in der Steinenvorstadt von schöner großen heit ren Stube mit Alecoven, Sommerhaus, Küche und was der Augen- schein zeigen wird für wenig und stille Leute, gleich oder auf H. Pfingsten zu beziehen.",1804-04-19,0,0,131,8
0179ce77-cd42-566b-88d3-8e83537b7358/a9,"23. In No. 1027. in Mitte der Eschenvorstadt ist ein schönes heiters Losament von Stube, Kammer, Küche und Platz zum Holz an stille ehrbare Leuthe auf H. Pfingstfronfasten zu verleihen. Wegen den Landleuten so sich etwa könnten anmelden, so können sie sich in No. 63. in Liechstall anmelden, wegen den Bedingnissen.",1804-04-19,0,0,131,9
0179ce77-cd42-566b-88d3-8e83537b7358/a11,"24. Ein meublirtes Zimmer für ein oder zwey Herren nahe bey der Post, mit oder ohne Kost.",1804-04-19,0,0,131,11
0179ce77-cd42-566b-88d3-8e83537b7358/a12,"25. Zwey grosse Heubühnen oder sonstigem Gebrauch, im Lutzelhoof an der Spahlen zu erfragen.",1804-04-19,0,0,131,12
0179ce77-cd42-566b-88d3-8e83537b7358/a13,26. In No. 389 in kl. Basel ist ein Losament auf nächste Fronfasten zu verleihen.,1804-04-19,0,0,131,13
0179ce77-cd42-566b-88d3-8e83537b7358/a14,"27. Zwey Losamenter in der St. Johannvor- stadt, ein jedes von Stube, Kammer und Küche, eines gegen die Strasse, das zweyte gegen den Rhein, an ehrbäre Leute auf H. Pfingsten zu beziehen.",1804-04-19,0,0,131,14
0179ce77-cd42-566b-88d3-8e83537b7358/a15,28. In der Münsterkirche ist der Vorsitz auf der Seite gegen der Kanzel im achten Stuhl vom Taufestuhl um 1 Rthlr. jährlichen Zins zu verlehnen.,1804-04-19,0,0,131,15
0179ce77-cd42-566b-88d3-8e83537b7358/a16,29. Ein Losament an 1 oder 2 Personen an der oberen Rheingaß No. 71 auf H. Pfing- sten zu beziehen.,1804-04-19,0,0,131,16
0179ce77-cd42-566b-88d3-8e83537b7358/a17,30. In No. 18 zu St. Johann sind Pferd und Bernerwägelein zu verleihen.,1804-04-19,0,0,131,17
0179ce77-cd42-566b-88d3-8e83537b7358/a18,31. Auf dem Fischmarkt No. 150 ist ein be- quemer Laden zu verleihen.,1804-04-19,0,0,131,18
0179ce77-cd42-566b-88d3-8e83537b7358/a19,Hingegen wird zu entlehnen begehrt:,1804-04-19,1,0,131,19
0179ce77-cd42-566b-88d3-8e83537b7358/a20,1. 300 Pfund Geld auf gute Versicherung auf ein oder 2 Stück Land im Baselbahn.,1804-04-19,0,0,131,20
0179ce77-cd42-566b-88d3-8e83537b7358/a21,2. Es wird ein Weibersitz bey St. Leonhard zu entlehnen begehrt ist sich bey Hrn. Baßler Siegrist allda zu melden.,1804-04-19,0,0,131,21
0179ce77-cd42-566b-88d3-8e83537b7358/a22,"3. Man wünschte eine geräumige Stube, ebenes Fusses, nebst einer andern Stube oder Kammer zu entlehnen wo möglich ie Mitte der Stadt, die Stube sollte aber zu einer Werkstatt dienlich seyn, ist sich im Baad auf dem Baarfüsserplatz anzumelden.",1804-04-19,0,0,131,22
0179ce77-cd42-566b-88d3-8e83537b7358/a23,"4. Es wird ein brutiges welsches Huhn zu entlehnen begehrt, im Fall würde man ein solches kaufen.",1804-04-19,0,0,131,23
0179ce77-cd42-566b-88d3-8e83537b7358/a24,"Kost, Information und Bedienungen werden angetragen und begehrt.",1804-04-19,1,0,131,24
0179ce77-cd42-566b-88d3-8e83537b7358/a25,"1. Zwey junge Leute von guten Familien aus der französischen Schweiz, wünschten in hiesige Spezerey-Handlungen in die Lehre placirt zu werden; nähere Auskunft darüber giebt man in No. 1583.",1804-04-19,0,0,131,25
0179ce77-cd42-566b-88d3-8e83537b7358/a26,"2 Une très-bonne maison à Ouchy pourroit employer dans ce moment une jeune hom- me en qualité d'apprentif; on desire qu'il soit de Parens honnêtes qui en veuillent re- pondre, ils peuvent étre persuadés que leur enfant sera bien soigné étant à portée de s'acquerir une connoissance parfaite dans la tenue des livres & dans la correspondance. On pourra se procurer de plus amples infor. mations, en s'adressant au Bureau d'avis.",1804-04-19,0,0,131,26
0179ce77-cd42-566b-88d3-8e83537b7358/a27,"3. Eine Frau offerirt sich an Taglöhn zu gehen, sowohl zum putzen als zur Feld- Arbeit.",1804-04-19,0,0,131,27
0179ce77-cd42-566b-88d3-8e83537b7358/a28,"4. Man sucht auf Johannl eine Magd, die kochen kann und die Haushaltung versteht.",1804-04-19,0,0,131,28
0179ce77-cd42-566b-88d3-8e83537b7358/a29,"5. In der Gegend des Münsterplatzes näh- me man noch 1 à 2 Herren an eine ho- nete burgerliche Kost, sehr bilig an.",1804-04-19,0,0,131,29
0179ce77-cd42-566b-88d3-8e83537b7358/a30,"6. Ein Arzt auf dem Land würde unter annehmlichen Bedingnissen noch einige an Gemuthskrankheiten leidende in sein Haus aufnehmen, woselbst sie in jeder Hinsicht bestens versorgt würden. Das mehrere ist bey Jakob Adolf bey Herrn Ehinger in der Eschenvorstadt zu erfragen.",1804-04-19,0,0,131,30
0179ce77-cd42-566b-88d3-8e83537b7358/a31,"7. In eine Spezerey- und Droguerie-Hand- lung der französischen Schweiz wird ein junger Mensch von rechtschaffenen Eltern und guten Sitten in die Lehre gesucht. Für ein ähnliches Subject, das aber wenigstens einige Anfangsgründe in der französischen Sprache haben müßte, und der deutschen im Schreiben so weit mächtig wäre, um allenfalls auch die Correspondenz führen zu können; wäre ein vacanter Platz in ei- nem guten Haus in Neufchatel; fur bey- des ist sich in Rro. 1627 an der Freyen- strasse anzumelden.",1804-04-19,0,0,131,31
0179ce77-cd42-566b-88d3-8e83537b7358/a32,"8. Eine hiesige Bürgerstochter wünscht auf Johanni einen Platz zu bekommen, gut gleich in der Stadt oder auf dem Land.",1804-04-19,0,0,131,32
0179ce77-cd42-566b-88d3-8e83537b7358/a33,"9. Ein hiesiger junger Mensch von recht- schaffenen Eltern, welcher deutsch und fran- zösisch spricht und eine saubere Handschrift hat, wünschte je eher je lieber auf ein Comptoir in die Lehre zu treten, und da er schon einige Jahr in einer Spezerey- Handlung gestanden, hiemit in deven Ge- schäften nicht mehr ganz neu ist, so schmei- chelt er sich um so mehr seinen Wunsch bald erfüllt zu sehen.",1804-04-19,0,0,131,33
0179ce77-cd42-566b-88d3-8e83537b7358/a34,10. In N. 1214 in der St. Albanvorstadt begehrt man 4 honnete Kostgänger anzu- nehmen.,1804-04-19,0,0,131,34
0179ce77-cd42-566b-88d3-8e83537b7358/a35,"11. Ein lediger Mann von etlich und fünf- zig Jahren aus dem Hauptort eines be- nachbarten Kantons, welcher schon 38 Jahre der Handlung gewidmet und in diesem Zeitraum in angesehenen Häusern im Ausland als Comptoirist und Vova- geur gestanden ist, die deutsche, französi- sche und italienische Sprache, nebst allen nöthigen merkantilischen Wissenschaften be- sitzt, und seine Stelle durch den Drang der gegenwärtigen Zeitumstände verloren hat, wünschte deren wieder eine in einem hiesigen oder auswärtigen Handelshaus zu bekommen.",1804-04-19,0,0,131,35
0179ce77-cd42-566b-88d3-8e83537b7358/a36,"12. Im Baselbieth ist eine gesunde Weibs- person, welche wünschte als Säugamme hier unterzukommen.",1804-04-19,0,0,131,36
0179ce77-cd42-566b-88d3-8e83537b7358/a37,"13. Ein junger Mensch aus dem Kanton Zürich, der gut mit Pferden umgehen kann, wünschte hier einen Platz zu bekommen, wozu er sich bestens empfiehlt.",1804-04-19,0,0,131,37
0179ce77-cd42-566b-88d3-8e83537b7358/a38,"14. Ein junger Mensch von 17 Jahren, der auch die Stelle eines Marqueurs versehen könnte, wünschte hier einen Platz zu be- kommen, würde sich zu allen vorkommen- den Geschäften willig gebrauchen lassen, und gute Abschiede seiner Treue vorwei- sen können.",1804-04-19,0,0,131,38
d75d5697-9466-5be1-a6f4-f1785a442071/a1,"15. Ein hiesiger junger Burger, welcher öf- ters das Glück nicht hat, durch seine Projession beschäftigt zu seyn, wünscht, da er eine saubere Handschrift hat, und in Stellung von Petitionen, Suppliken. und andern Aufsätzen geübt ist, Cwovon ein großer Theil von E. E. Publikum über- zeugt wörden) seine müßigen Stunden mit dieser Beschäftigung, als auch in Ueber- nahme und Besorgung allerhand Copien, zu benutzen, wie auch an den Ganten zu schreiben und nöthigen Falls die Gankro- del zu registriren und zu expediren. Em- pfiehlt sich daher bey E. E. Publikum auf das geziemendste, indem man geschwinder Bedienung und vorzüglich der Verschwie- genheit darf versichert seyn.",1804-04-19,0,0,132,1
d75d5697-9466-5be1-a6f4-f1785a442071/a2,"16. In eine rechtschaffene stille Haushaltung wird auf Johanni eine Magd von guter Aufführung gesucht, an welche man das Kochen überlassen könnte.",1804-04-19,0,0,132,2
d75d5697-9466-5be1-a6f4-f1785a442071/a3,"37. Eine hiesige Tochter, welche schön weiß. nähen und etwas Schneidern kann, wünschte mehrere Kundenhäuser zu bekommen, würde sich bilig finden lassen und empfiehlt sich bestens.",1804-04-19,0,0,132,3
d75d5697-9466-5be1-a6f4-f1785a442071/a4,"48. Eine hiesige Bürgerstochter wünschte auf Johanni in einen ehrbaren Dienst als Kinds- oder Stubenmagd unterzukommen, sie kann sauber nähen und stricken.",1804-04-19,0,0,132,4
d75d5697-9466-5be1-a6f4-f1785a442071/a5,"49. Ein Mensch aus dem Baselbieth, der schon etliche Jahre hier in Ehrenhäusern als Hausknecht und Kutscher gedient und mit packen umgehen kann, auch das Gar- tenwesen versteht, wünschte gleich oder auf Johanni einen Pletz zu bekommen, er würde sich zu allen Geschäften willig gebrauchen lassen und kann gute Zeugnisse aufweisen.",1804-04-19,0,0,132,5
d75d5697-9466-5be1-a6f4-f1785a442071/a6,"20. Ein starker bestandener Mann, der sich gut zu den Pferden und dem Fuhrwerk ver- steht, wie auch die Landarbeit, und mit guten Zeugnissen versehen ist, wünschte einen Pletz je eher je lieber zu bekommen.",1804-04-19,0,0,132,6
d75d5697-9466-5be1-a6f4-f1785a442071/a7,"21. Man begehrt einen Knecht auf Johanni, der sich besonders wohl auf den Gemüs- garten verstehen müßte und ein Pferd zu besorgen wüßte die übrigen Bedingnisse mündlich.",1804-04-19,0,0,132,7
d75d5697-9466-5be1-a6f4-f1785a442071/a8,42. On désire une servante francoise sachant faire un pen la cuisine pour la St. Jean. 13. Man nähme eine ehrbare Tochter um das Reinglätten zu erlernen um billiges Lehrgeld in die Lehre in Nro. 67 an der Rheingaß.,1804-04-19,0,0,132,8
d75d5697-9466-5be1-a6f4-f1785a442071/a9,"44. In eine hiesige Wirthschaft wird ein Kel- ler verlangt, welcher deutsch und französisch spricht, gut rechnen, schreiben und jesen- auch hinlängliche gute Zeugnisse seines Wohl verhaltens aufweisen kann.",1804-04-19,0,0,132,9
d75d5697-9466-5be1-a6f4-f1785a442071/a10,Verlorne und gefundene Sachen.,1804-04-19,1,0,132,10
d75d5697-9466-5be1-a6f4-f1785a442071/a11,"8. Vor circa 14 Tagen ist irgendwo eine gol. dene Sackuhr gefunden wörden, welche ihrem Eigenthümer gegen Erlag des Ein- schreibgelds und für den Finder eine ange- messene Belohnung hiermit angeboten wird.",1804-04-19,0,0,132,11
d75d5697-9466-5be1-a6f4-f1785a442071/a12,"2. Sonntag Nachmittag ist ein französischer Schlüssel an einem Ring von der oberen Freyenstrasse über den Kornmarkt bis an Herberigberg verloren gegangen, man bittet den Finder gegen Erkenntlichkeit um gütige Rückgabe.",1804-04-19,0,0,132,12
d75d5697-9466-5be1-a6f4-f1785a442071/a13,"3. Freytags den 6ten Aprill hat jemand einen kleinen französischen Schlüssel mit einem Kleeblatt von der Gerbergaß die Streitgaß hinauf bis zum Eschenschwybogen verloren, man offerirt dem Finder für die Ruckgabe eine Erkenntlichkeit.",1804-04-19,0,0,132,13
d75d5697-9466-5be1-a6f4-f1785a442071/a14,4. Mittwoch den 4ten Aprill ist eine golden- Halsgufe mit Steinen eingelegt und in einem blauen Papier gewickelt verloren worden; der redliche Finder wird gebeten sie gegen eine Erkenntlichkeit der Frau Wittib Hand mann bey der Post abzugeben.,1804-04-19,0,0,132,14
d75d5697-9466-5be1-a6f4-f1785a442071/a15,"5. Samstag den 31 Merz hat eine sehr arme Frau von der Spithalmatte vor dem Stei- nenthor bis an die untere Freyenstrasse ei- nen Sack worinnen ein Rthlr. ein weis Nas- tuch mit einem blauen Bord, ein Schlüsse- lein und zwey Nadelbüchslein sich befand verloren, der redliche Finder ist ersucht es gegen eine Erkenntlichkeit ins Berichthaus zu liefern.",1804-04-19,0,0,132,15
d75d5697-9466-5be1-a6f4-f1785a442071/a16,6. Im Berichthaus sind einige zu verschiede. nenmalen gefundene Schlüssel gegen Erlag des Einschreibgelds und Erkenntlichkeit für den Finder zu beziehen.,1804-04-19,0,0,132,16
d75d5697-9466-5be1-a6f4-f1785a442071/a17,"7. Den 9ten dieses ist auf dem Todtentanz ein Nastuch S. V. gezeichnet gefunden wor- den, welches dem Eigenthümer gegen Vor- weisung eines Camarads und Erlag des Ein- schreibgelds angeboten wird, in No. 171 abzuholen.",1804-04-19,0,0,132,17
d75d5697-9466-5be1-a6f4-f1785a442071/a18,"8. Sonntags den 8ten Abends hat sich ein junger Hund mit abgeschnittenen Ohren und Wolfarten Kopf und langen Schwanz in klein Basel verloffen, wer solchen hat, beliebe ihn gegen ein Trinkgeld in No. 389 zu senden.",1804-04-19,0,0,132,18
d75d5697-9466-5be1-a6f4-f1785a442071/a19,9. Es ist ein kleines deutsches Hauptschlüsse. lein in der Gegend der Freyenstrasse vom Fahnengäßlein bis auf den Markt verloren gegangen; man offerirt dem Finder ein Trinkgeld für die Rückgabe.,1804-04-19,0,0,132,19
d75d5697-9466-5be1-a6f4-f1785a442071/a20,"10. Es hat jemand im Laden N. 721 hinter dem Stöcklein ein ganz weisses Nastuch HF 12 bezeichnet liegen lassen, welches man dem Eigenthümer mit gröstem Vergnügen wünschte wieder einzuhändigen.",1804-04-19,0,0,132,20
d75d5697-9466-5be1-a6f4-f1785a442071/a21,"11. Vor circa 8 Tagen ist hinter dem schwar- zen Pfahl vor N. 228 ein roth und blau gestreiftes Fürtuch gefunden worden, wel- ches dem rechtmässigen Eigenthümer gegen Erlag des Einschreibgelds angeboten wird.",1804-04-19,0,0,132,21
d75d5697-9466-5be1-a6f4-f1785a442071/a22,Allerhand Nachrichten.,1804-04-19,1,0,132,22
d75d5697-9466-5be1-a6f4-f1785a442071/a23,"1. Einem verehrungswürdigen Publicum und allen Liebhäbern der englisch, französisch- u. italienischen Sprache, macht Herr Weber von Candolle aus Genf, der vor 7 Jahren sich in hiesiger Stadt als ein tauglicher Lehrer obgenannter Sprachen bewies, be- kannt, daß er gesonnen ist, sich hier aufzu- halten, wenn er eine hinlängliche Anzahl von Schulern bekäme. Seine Wohnung ist wie vorber aufm Fischmarkt No. 158.",1804-04-19,0,0,132,23
d75d5697-9466-5be1-a6f4-f1785a442071/a25,"2. C. Apol. Haffner prévient le public qu'i a etabli à Huningue une fabrique de chan- delles, façon de celles de Nancy; il les offre à un prix convenable.",1804-04-19,0,0,132,25
d75d5697-9466-5be1-a6f4-f1785a442071/a26,"3. Diejenigen E. Personen, welche an nachbeschriebene Weibersitze in der St. Leon- hards-Kirche, welche seit 1719 nicht mehr sind erneuert worden, Anspruch haben, werden im Nahmen E. E. Banns höflich er- sucht, sich von dato an innert den nächsten 4 Wochen, dieser Sitze halben, bey dem Pfarrer anzumelden, und ihr zu denselben habendes Recht darzuthun: als nämlich im 2ten Rost von der Kanzel in dem 9ten Stuhl den 6ten Sitz, welcher einer Jgfr. Anna Margredt Bräudli; im 2ten Rost im 13ten Stuhl den 5ten Sitz, welcher Jgfr. Agnes Hummel, Hr. J. Heinrich Hummels Toch- ter; im 3ten Rost im 12ten Stuhl den 8ten Sitz, welcher Fr. Cleophe Hummel, Hrn. Wagmeister Fäschen Ehefrau; im 3ten Rost im 17ten Stuhl den 6ten Sitz, welcher Hr. Wilhelm Linders sel. Erben, und in ge- gedachtem Stuhl den 7ten Sitz, welcher Fr. Ursula Buchin, Ludwig Gassers Frau; im 4ten Rost im 7ten Stuhl den 1ten Sitz, welcher Fr. Helena Battier, Hrn. Hieron. Linders Ehefrau; und in gedachtem Stuhl. den 5ten Sitz, welcher Fr. A Catharina 5. Nübling, Hrn. J. Friedrich Häusers Ehe- frau; im 4ten Rost im 13ten Stuhl den 2ten Sitz, welcher Fr Anna Maria Merian, Hrn. Beneditt Meyers Ehefrau; im 4ten Rost im 14ten Stuhl den 5ten Sitz, welcher Fr. A. Margredt Schorndorf, Hrn. Hs- Conrad Gemusäus Ehefrau; unter dem Graben-Lättner: Cit. D. im 1ten Stuhl den 8ten Sitz, welcher Jgfr. Anna Margredt Schnöblin; Lit. B. im zten Stuhl den 2ten Sitz, welcher Fr. Anna Maria Fäsch, Hrn. Hs. Rudolf Burkhards Ehefrau, und im gleichen Stuhl den 7ten Sitz, welcher Fi Ursula Preiswerk, Hrn. Ulrich Thurneisens Ehefrau zugeschrieben worden.  . Den 15ten April 1804. Hier. Falkeisen, Pfr",1804-04-19,0,0,132,26
d75d5697-9466-5be1-a6f4-f1785a442071/a27,"4. E. E. Publico dienet zur Nachricht, daß auf den ersten May die schon längst be rühmte ächte Bergschotten, die keiner wei-  teren Emnfehlung bedarf, bey Frau Wittib Geßler auf dem Baarfüsserplatz Morgens um; Uhr kann abgeholt werden, wozu ich mich bestens empfehle.",1804-04-19,0,0,132,27
d75d5697-9466-5be1-a6f4-f1785a442071/a28,"5. Wer Gewehr zu putzen hat, so offerirt sich ein Mann wohnhaft in No. 170. in kl. Basel.",1804-04-19,0,0,132,28
d75d5697-9466-5be1-a6f4-f1785a442071/a29,"6. Sollte noch jemand eine Rechnung bey mir einzugeben haben, so beligbe er mir die selbe bis den 25. dieses Monats-ungugenden Doctor Mieg im Crauchstreit-",1804-04-19,0,0,132,29
d75d5697-9466-5be1-a6f4-f1785a442071/a30,"7. Mr. Auguste Cuinche, Maitré de pension à Valangin comté de Neuchatel, à l'honneut de continuer à sé recommander au püblie de cette Ville, pour vouloir bien -ufeonser l'instruction des jeunes garcones dans la  langue francaise, écritute, arithmétique Ne- ü se fatte dautant plus d'en obtenir que les succes des jeunes gens de cette ville qu'il a chex lui, doivent lui étre d'une bonne recommandation: s'adresser à lui même au susdit Valangin, ou ici à Mrs. Burgy place des Cordeliers, ou Doudiet Instituteur francais du Gymnase de cette ville No. 617. Le prix de la pension est de vingt Louis.",1804-04-19,0,0,132,30
6392495c-bb12-51e3-b834-05d07a629de2/a1,"3. Sollte sich allhier ein gewisser Namens Joseph Meyer von Klein-Dietwyl bey Luzern aufhalten, der beliebe sich im Berichthaus anzumelden, allwo ein Brief für ihn ist.",1804-04-19,0,0,133,1
6392495c-bb12-51e3-b834-05d07a629de2/a2,"9. In No. 105 am Blumenplatz ist sich wie- der anzumelden für die Schotten ab der Marchmatten für Anfangs May, man wird. sie alle Tage frisch in die Stadt bringen.",1804-04-19,0,0,133,2
6392495c-bb12-51e3-b834-05d07a629de2/a3,"10. Man wünschte einen Gärtner oder Gärt- ner Frau zu finden, der um einen billigen Preis die Besorgung eines Hausgartens nebst einem anliegenden kleinen unternehmen wollte; man bielet ihm dabey die Nutznies- sung eines ziemlich grossen Geländes in einem Graben an. Der Besitzer glaubt, indem er leicht zu befriedigen ist, ohne Anstand mit jemanden übereinkommen zu können, und wäre sich deßfalls im Offenburgerhof anzu- melden, müßte jedoch hald geschehen.",1804-04-19,0,0,133,3
6392495c-bb12-51e3-b834-05d07a629de2/a4,"11. Jean Girang, Taglöhner im Kaufhaus, wohnnaft in der Fröschgaß bey Frau Wittib Oswald thut EE. Publikum zu wissen, daß seine Frau das Waschen angefangen hat, bittet um geneigten Zuspruch, mit dem Ver- sprechen jedermann mit sauberer Wasche und mit Billigkeit zu bedienen.",1804-04-19,0,0,133,4
6392495c-bb12-51e3-b834-05d07a629de2/a5,"12. Jean Jaques Beugeot, Büchsenschmidt empfiehlt sich EE. Publikum Gewehr zu arrengiren, zu putzen oder Fehlerhafte zu verbessern, mit Versprechung biligster Be- dienung, wohnt in No. 1745 hinter der grossen School.",1804-04-19,0,0,133,5
6392495c-bb12-51e3-b834-05d07a629de2/a6,"13. Frau Wittib Büchel in der Tiefe nimmt Bestellung an für recht gute Geismilch, täglich zu haben.",1804-04-19,0,0,133,6
6392495c-bb12-51e3-b834-05d07a629de2/a7,"14. Da die Ziehung der Bücher Lotterie in Arau um 1 Monat weiter hinaus geschoben worden ist, so werden hiemit nicht nur die Herrn Interessenten, sondern auch diejeni- gen E. Personen davon benachrichtigt, welche noch Willens sind sich Billets zu verschaffen. Es werden in dieser Lotterie 3 Werke aus- gespielt, worunter zwey naturhistorische sind, davon eines aus 8o Bänden mit illuminirten Kupfern, und das andere aus 22 Lieferungen besteht, die sämmtlichen afrikanischen Vögel von Levaillant ebenfalls mit sehr schönen Kupfern, enthaltend. Das 3te Werk ist das grosse Dictionnaire von Schwan, 6 Bde. in g Billets sind zu 20 Batz und Pläne graus zu haben: in der Flickschen Buch- handlung an der Schiflände.",1804-04-19,0,0,133,7
6392495c-bb12-51e3-b834-05d07a629de2/a8,"15. Jn No. 823. offerirt sich jemand Gewehr Patrontaschen ꝛc. zu putzen, verspricht bili- ge und geschwinde Bedienung.",1804-04-19,0,0,133,8
6392495c-bb12-51e3-b834-05d07a629de2/a9,"16. Nicht etwa aus Besorgniß, daß die Ver- lassenschaft des jüngsthin sel. verstorbenen Abraham Kuenzly, Krämer und Handels- mann in Rycken, bey Morgenthal, Kan- ton Argäu, in einer mißlichen Lage stehe, sondern blos damit dessen hinterlassener Witwe Vogt, Hans Jakob Kuenziy auf der Weyd in gedachtem Ryken, eine rich- tige Kenntniß von dieser Verlassenschaft erlangen könne, hat sich derselbe auf die von dem Gemeinde-Rath allda, und den Verwandten erhaltene Weisung, bey Mm. HEghrn. Bezirksamtmann in Zofingen, um das Beneficium Inventari beworben, wel- ches ihm auch bewilliget worden ist. - Dem zu Folge, werden alle die, welche an gedachten Abraham Kuenzly einige An- sprache haben, sey es von Bürgschaften her oder sonsten, oder daß jemand dem. selben zu thun wäre, hiermit aufgefodert, erstere ihre Ansprachen, mit Vorweisung habender Titeln, letztere aber ihre Schul- digkeiten in besten Treuen bis kommenden 13ten May 1804 dem Gemeinde-Rath- schreiber Muhmenthaler Notar. in Ryken an- und einzugeben, bey Verlust der An- sprache, und Verantwortung für die aus- bleibenden Schuldner, nach bestehenden Gesetzen, wornach sich also ein jeder, den es betressen mag, zu verhalten wissen wird. Ryken den 28. März 1804. Im Namen des Gemeinderaths der Ammann Hs. Jakob Ott.",1804-04-19,0,0,133,9
6392495c-bb12-51e3-b834-05d07a629de2/a11,"17. Ich halte mich verpflichtet, einem ehrenden Publico und Jedermann, der im Oberrheinischen Departe- ment, seye es in rechtlichen Ange- legenheiten durch Einholung von Gutachten, Schulden, Liquida-  tionen, derselben rechtlicher Betrei-  bung als auch anderer Ansprüchen und Gegenständen wegen, von was Natur und Beschaffenheit sie nur immer seyn mögen, mit befugtent Recht etwas zu erörteren, zu be-  sorgen und zu wissen verlangt, an-  zuzeigen, daß man sich dißorts an mich wenden könne, wo ich dann mich verpflichte, die dißortige Be- sorgniß einem accreditirten der Ge-  sezen und Verordnungen kündigen und in rechtlichen Fällen überhaupt bestens erfahrenen Manne, mit deme ich durch die Gelegenheit eines mit ihme vorhin zu besorgen gehab- ten wichtigen Geschäftes in Bekannt- 1 schaft und Relation zu kommen das Vergnügen erlangte, zu übertragen und von hier aus das nötige zu besorgen vorläufig darf ich versi- cheren daß Jedermann mit seinen Verrichtungen und der prompten Bedienung zufrieden seyn wird. Gegeben den 11. April 184. Best Notarius.",1804-04-19,0,0,133,11
6392495c-bb12-51e3-b834-05d07a629de2/a12,"18. Nachdeme E. E. Stadt Nath die sämtlichen E. Geseilschaften der Vor- städten, laut Cantons-Blatts vom 16ten Merz abhin, wieder herge- stellt, und ihnen auf die Waidgangs- Gerechtigkeiten zu wachen anempfoh- len hat, als siehet sich nachgemeldte Commission zufolg ihrer aufhaben- den Pflichten genöthiget, da schom eine Zeither zuwider der Ordnung im Jakober-Hölzlein, und in dem sogenaßten Gernlers-Graben theils Waasen abgestochen, und theils  Laim oder Lir weggeführt worden ist, dieses Land für dergleichen Ein- griffe in Verbot zu legen, und jeder- mann alles Ernstes zu warnen, ins Künftige sich dessen zu enthalten, denn sonst im Fall soches wieder ge-  schehen sollte, die Fehlbahren ohne  ohne anders und ohne Ansehen der Person an höhere Behörde zur Be-  strafung verzeigt werden würden, womit sich also ein jeder vor Scha-  den bewahren kann, ob er will. Den ioten April 1804. Namens der beyden E. Gesell- schaften zum Rupf und zu den drey Eidsgenossen, die zu Besor- gung des Waidgangs aufgestell-  te Commission.",1804-04-19,0,0,133,12
6392495c-bb12-51e3-b834-05d07a629de2/a13,"9. In Folge der von E. E. Stadt- Rath unterm 5ten Merz abhin ab- gefaßten, von E. E. und W. W.  Cantons-Raths ratificierten Ver- ordnung, wird hiemit denen resp. Einwohnern der beyden E. Quar- tieren von Aeschen und Steinen zu wissen gethan, daß vom nächstkünf- tigen ersten Maymonats an, nie- s mand, der nicht ein in einem dieser beyden Quartieren wohnender Ge- meinds Burger ist, und über das . noch das Recht des Waidgangs er- 3 kauft hat, berechtiget seye, irgend ein Stück Vieh, was Nahmen es haben mag, unter den Hirtzu lassen. Den 10ten April 1804. Namens der beyden E. Gesell- schaften zum Rupf, und zu den drey Eidsgenossen: die zu Be- sorgung des Waidgangs aufge- stellte Commission.",1804-04-19,0,0,133,13
6392495c-bb12-51e3-b834-05d07a629de2/a14,"20. Wer von einem gewissen Baron Vander- housen, in kaiserlichen Diensten als Capitaine- Lieutenant, bey dem Erzherzog Rudolphi- schen, ehmals Terzi genannten Infanterie- Regiment angestellten Offizier, dessen wah- rer Rame Foulon seyn, und der sich mehrere Jahre hier aufgehalten haben soll, Nachricht geben kann, beliebe solches gefälligst im Berichthaus anzuzeigen.",1804-04-19,0,0,133,14
fa2ff4b4-d7bd-5826-ac19-b84bedb24a59/a1,"21. Dieienigen Personen, welche von dem erst kürzlich verstorbenen Herrn Leonhard David Sattler am Rindermarkt zur h. Taufe gehoben worden; werden anmit aufgefordert, Endesunterzeichnetem ihre Taufscheine vorzuweisen, um alsdann das ihnen vermachte Legat zu beziehen. Mitz, Notarius.",1804-04-19,0,0,134,1
fa2ff4b4-d7bd-5826-ac19-b84bedb24a59/a2,"22. Da ich in einigen Wochen die von mir erkaufte Wirthschaft in Läufelfingen beziehen werde, so habe ich mir vorgenommen, meine in allhiesiger mindern Stadt gelegene zum Beckenberuf vorzüglich wohleingerichtete und zu einer Wirthschaft bequem gelegene Be- hausung No. 124 ohnfern dem Riechenthor Freytags den 20. April Nachmittags um Uhr an einer öffentlichen Gant zu versteigern, welches ich mit dem Anhang kund mache daß indessen die Behausung selbst täglich kann besichtiget werden. Abraham Hegp.",1804-04-19,0,0,134,2
fa2ff4b4-d7bd-5826-ac19-b84bedb24a59/a3,"23. Maison d'Education pour des jeunes De- moiselles, établie à Strasbourg, chez Ma- demoiselle Noisette. – L'on donne aux Elèves des lecons de langue francoise, d'écriture allemande et francoise, d'arith- métique, d'histoire, de Géographie, My- thologie, histoire naturelle, de tous les ouvrages de femmes, tant d'utilité que d'agrement et le maitre de danse; savoir par semaine sir heures d'histoire, de Géographie, de Mythologie, de gram- maire; trois heures d'arithmétique, six heures d'ecriture, six heures de Danse. L'on donne aux éleves (d'ont les parents le désirent) connoissance de tous les de- tails de l'économie domestique. – Le prin de la pension est de 8oo franes par an; pour 100 franc de plus on à le maitre de Dessein. Les Parens fournissent le lit. deux paires de Draps, 12 Serviettes et un couvert d'argent. Le blanchissage et le raccomodage sont payes à part; les Pa- rents qui ne voudront pas fournir le lit, payeront 30 francs par an de plus. La Pension se payera par trimestre et d'a- vance; s'addresser pour de plus amples in- structions à Mons. Turckheim à Strasbourg.",1804-04-19,0,0,134,3
fa2ff4b4-d7bd-5826-ac19-b84bedb24a59/a4,"34. Den Thierärzten, Hirten, Schäfern und denjenigen, so Viehzucht halten, wird be- kannt gemacht, daß bey dem Anbieter in Nro. 247 in kl. Basel am Teichgäßlein gute Tabaksbrühe sehr dienlich für Aus- schläge, Raude und Ungeziefer, die Maas à 3 Kreutzer zu haben ist.",1804-04-19,0,0,134,4
fa2ff4b4-d7bd-5826-ac19-b84bedb24a59/a5,"25. Zur Nachricht derjenigen Hrn. Gewerbs-Intressenten des St. Al- ban Teichs, welche allenfalls Re- parationen an ihren Gewerben vor- zunehmen haben, wird hiemit be- kannt gemacht, daß gedachter Teich den 20ten dieses Monats auf ohn- gefehr vierzehn Tage werde abge- schlagen werden. Basel den 10 April 1804 Bauschreiberey Basel.",1804-04-19,0,0,134,5
fa2ff4b4-d7bd-5826-ac19-b84bedb24a59/a7,"26. Conrad Landolt, ehmals Sergent unter dem Schweizerregiment Diesbach, offerirt sich jungen Leuten Unterricht in den Waffen zu geben; diejenigen die Zutrauen zu ihm haben sind versichert exerciren und das Maneuvre aufs beste zu erlernen; Dienst- boten und Lehriungen offerire ich Sonntag Morgens von 6 bis 8 Uhr, und Abends von 4 bis 6 Uhr Stunden zu geben, bin alle Tage auf dem Münsterplatz im Domhof anzutreffen.",1804-04-19,0,0,134,7
fa2ff4b4-d7bd-5826-ac19-b84bedb24a59/a8,Ganten.,1804-04-19,1,0,134,8
fa2ff4b4-d7bd-5826-ac19-b84bedb24a59/a9,"1. In der Behausung von Hrn. Emanuel Schmidt Nro. 150 auf dem Fischmarkt wird Donnerstag den 19. dieses freywillig aufgerufen und vergantet werden allerhand wollene, baumwollene und fadene Manns- Weiber- und Kinderstrümpfe, baumwollene Kappen von allen Sorten, lederne und seidene Manns und Weiberhandschuhe Tri- cot für Pantalon ganze Stücke Mousseline, Schals, Strohhüte, rohe Baumwollen und Faden.",1804-04-19,0,0,134,9
fa2ff4b4-d7bd-5826-ac19-b84bedb24a59/a10,"2. Auf den 7. künftigen Monats May wird in Arlesheim bey Basel im oberrheinischen Departement freywillig versteigert werden, eine in gutem Stand befindliche Wohnbe- hausung zum weissen Rößlein, sammt da- bey befindlichen Scheuren, zwey große Stallungen, Hof und Garten, nebst einer t wohleingerichteten Gerberey, Lohstampfen, einige Morgen Matten und Ackerland, den Käufern werden mehrere Termine gestattet. Dasselbe kann beym Eigenthümer selbst täg- lich besichtigt werden in Nro. 101.",1804-04-19,0,0,134,10
fa2ff4b4-d7bd-5826-ac19-b84bedb24a59/a11,"5. Den 23. Avril 1804 wird man auf dem Carlsruhe 1793. kleinen Richthaus in der kleinen Stadt aufrufen und um baare Bezahlung vergan- ten lassen, allerhand Hausrath, Kommo- den, worunter eine mit vielen Schübladen,  eine Stockuhr, etliche Stücke Betten, wo- runter ein Plumet mit Eiderdunen, Weißzeug worunter etliche Dutzend Servieten und Nastücher und andere Sachen mehr.",1804-04-19,0,0,134,11
fa2ff4b4-d7bd-5826-ac19-b84bedb24a59/a12,"4. Künftigen Dienstag den 24 April wer- . den in Nro. 1515 am Rheinsprung öffent- lich aufgerufen und gegen baare Bezah-  lung den Meistbietenden überlassen werden: 1 Einthürige und zweythürige Kästen, Bett- 1 laden, ein Glaskasten, nußbäumene und , tannene Tische, dito Kommoden, allerley s Küchengeschirr, Bücherschränke und eine",1804-04-19,0,0,134,12
fa2ff4b4-d7bd-5826-ac19-b84bedb24a59/a13,"5. Dienstags den 24ten Aprill nächstkünftig Morgens um 10 Uhr wird an EE. Gericht des mindern Basels ein für allemal gericht-Le bon fils ou de la pieté filiale ouvrage mor- lich aufgeruffen und unter gewöhnlichen Bedingnissen vergantet werden: die, dem Lausanne, 1803. Broschirt zu 45 Batzen. im Zuchthaus befindlichen Mstr. Christoph Rapp, dem Schreiner zuständig gewesene Preise zu haben in der Samuel Flickischi Behausung, Hofstatt, Hintergebänd, Höf. Buchhandlung an der Schifflände. lein und Garten samt aller Zugehörde und Gerechtigkeit, zum Riesenhof genannt, mit No. 101 bezeichnet, im mindern Basel an der oberen Utengaß, einseits neben Hr. Niklaus Laugmesser dem Metzger, anderseit neben Hr. Hans Ulrich Bienz des Metzger feel. Frau Wittwe gelegen, hinten mit dem Garten auf verschiedene Anwänder stossend. Wer nun hieran wegen Schulden, Ver- satzung, Zins oder irgend etwas anderm einige Ansprache zu machen hat, der soll sich bis auf ermeldten Tag der Versteigerung, bey Verlust seines Rechts, in unterzeichne- ter Schreiberey angeben und einschreiben lassen. Die Behaufung kann von den Kauf- lustigen täglich besichtiget werden. Gegeben den 10 Aprill 1804. Gerichtschreiberey des mindern Basels,",1804-04-19,0,0,134,13
fa2ff4b4-d7bd-5826-ac19-b84bedb24a59/a15,"Zum Behuf der Militärinstruktion empfiehlt man nachstehende sehr interessante Bücher, als: Handbuch der praktischen Artilleriewissenschaft mit Kpfr. gr. 8. Dresden 1782. 2 fl. 42 kr. Katechismus neuer französisch militärisch- dekretirter oder vollständige Abhandlung über die Kriegsübungen der Infanterie, Cava- lerie und Artillerie. gr. 8. Lpt. m. Kpfr. 1794. 1fl. 30 kr. Taktik der Infanterie mit 30 Kupfertafeln- gr. 8. Dresben 1784. 2 fl. 12 kr. Was ist einem Officier während eines Feldzugs zu wissen nöthig, mit 10 Kupfertafeln. 8. 1fl. 36 kr. Diese Bücher sind um beygesetzte Preise haben bey Joh. Jak Flick auf dem Fischmarkt-",1804-04-19,0,0,134,15
fa2ff4b4-d7bd-5826-ac19-b84bedb24a59/a16,"va gen Jugend gewiedmete Schriften ver- dienen wegen ihrer Vorzüglichkeit den be- sondern Beysall der Eltern und Lehrer: Les Etudes convenables aux Demoiselles, non velle Edition. 2 Vol. in 126. Lausanne 1804. Ungebunden à 30 Batzen. Der erste Band enthält: La grammaire, la poésie, la rhétorique, le commerce de lettres, la fable héroique et morgale, le règles de la bienséance et un court train d'arithmétique. Der 2te Band enthäll- La Chronologie, la géographie et  nistaie redigée et augmentée jusqua non jours- Das zweyte Werk berielt sich par Mr. le Professaur Durand. 3 Vol. 12 Beyde Schriften sind um die angezeigten",1804-04-19,0,0,134,16