angelangt;1
angelangte;1
angelangter;1
angelangtes;1
assortiert;1
assortierte;1
assortierter;1
assortiertes;1
assortiment;1
aufmerksam;1
auswahl;1
bediene;1
bedienen;1
bedient;1
bedienung;1
befriedigen;1
befriedigt;1
begehrt;1
begehrte;1
begehrter;1
begehrtes;1
beliebe;1
belieben;1
bequem;1
bequeme;1
bequemer;1
bequemes;1
besondere;1
besonderer;1
besonderes;1
besonders;1
besser;1
beste;1
bestens;1
commod;1
commoder;1
commodes;1
darf;1
dienlich;1
dürfe;1
dürfen;1
ehre;1
ehrenvoll;1
einschlagend;1
empfehle;1
empfehlen;1
empfiehlt;1
erfrischet;1
erfrischt;1
erinnere;1
erinnert;1
erinnerung;1
extra;1
fein;1
feine;1
feiner;1
feines;1
freude;1
freundlich;1
freundliche;1
freundlicher;1
freundliches;1
frisch;1
frische;1
frischer;1
frisches;1
garantiere;1
garantieren;1
garantiert;1
geehrt;1
geehrte;1
geehrter;1
geehrtes;1
geneigt;1
geneigte;1
geneigtem;1
geneigter;1
geneigtes;1
geschmack;1
geschmackvoll;1
geschmackvollste;1
gut;1
gutem;1
guten;1
guter;1
gutes;1
hochgeehrt;1
hochgeehrte;1
hochgeehrter;1
hochgeehrtes;1
höflich;1
höflichst;1
höflichste;1
hübsch;1
hübsche;1
hübscher;1
hübsches;1
jüngst;1
jüngstens;1
jüngsthin;1
mode;1
modern;1
moderne;1
moderner;1
modernes;1
modisch;1
modische;1
modischer;1
modisches;1
neu;1
neue;1
neuer;1
neues;1
neueste;1
neuestem;1
neuesten;1
neuster;1
neuverfertigt;1
neuverfertigte;1
neuverfertigter;1
neuverfertigtes;1
reichhaltig;1
reichhaltige;1
reichhaltiger;1
reichhaltiges;1
reichhaltigkeit;1
schön;1
schöne;1
schöner;1
schönes;1
schönste;1
sortiment;1
verehrlicht;1
verehrlichte;1
verehrlichten;1
verehrlichtes;1
vollständig;1
vollständige;1
vollständiger;1
vollständiges;1
vorteilhafte;1
vorteilhafter;1
vorteilhaftes;1
vortheilhaft;1
vorzüglich;1
vorzügliche;1
vorzüglicher;1
vorzügliches;1
wohl;1
zuspreche;1
zusprechen;1
zuspricht;1
zuspruch;1